,mean,std,coef
peak2rms,10.559799233097687,6.512997077017319,1.998019212192948
kurtosis,8.78291584065369,13.612506758377984,0.344362388999413
intercept,,,0.454177724752
